{
    "directed": false,
    "multigraph": false,
    "graph": {
        "building_type": "mosque",
        "building_name": "MS1609",
        "num_nodes": 22,
        "num_edges": 36,
        "density": 0.15584415584415584,
        "ave_cluster_coef": 0.6910885167464115,
        "transistivity": 0.13803680981595093,
        "cliques": [
            [
                "MS1609_000",
                "MS1609_002",
                "MS1609_008"
            ],
            [
                "MS1609_000",
                "MS1609_002",
                "MS1609_009"
            ],
            [
                "MS1609_000",
                "MS1609_002",
                "MS1609_019"
            ],
            [
                "MS1609_000",
                "MS1609_002",
                "MS1609_010"
            ],
            [
                "MS1609_000",
                "MS1609_002",
                "MS1609_011"
            ],
            [
                "MS1609_000",
                "MS1609_002",
                "MS1609_013"
            ],
            [
                "MS1609_000",
                "MS1609_002",
                "MS1609_017"
            ],
            [
                "MS1609_000",
                "MS1609_002",
                "MS1609_006"
            ],
            [
                "MS1609_000",
                "MS1609_002",
                "MS1609_012"
            ],
            [
                "MS1609_000",
                "MS1609_002",
                "MS1609_015"
            ],
            [
                "MS1609_000",
                "MS1609_002",
                "MS1609_016"
            ],
            [
                "MS1609_000",
                "MS1609_002",
                "MS1609_018"
            ],
            [
                "MS1609_000",
                "MS1609_002",
                "MS1609_005"
            ],
            [
                "MS1609_000",
                "MS1609_002",
                "MS1609_014"
            ],
            [
                "MS1609_000",
                "MS1609_002",
                "MS1609_020"
            ]
        ]
    },
    "nodes": [
        {
            "area": 4545,
            "iso_area": 1555,
            "building_type": "mosque",
            "building_name": "MS1609",
            "betweenness": 0.6738095238095239,
            "degree_centrality": 0.9523809523809523,
            "eigenvector_centrality": 0.5453961332765148,
            "closeness_centrality": 0.9545454545454546,
            "degree": 20,
            "clustering_coef": 0.07894736842105263,
            "id": "MS1609_000"
        },
        {
            "area": 234,
            "iso_area": 497,
            "building_type": "mosque",
            "building_name": "MS1609",
            "betweenness": 0.0,
            "degree_centrality": 0.047619047619047616,
            "eigenvector_centrality": 0.014622916483856576,
            "closeness_centrality": 0.35,
            "degree": 1,
            "clustering_coef": 0,
            "id": "MS1609_001"
        },
        {
            "area": 146,
            "iso_area": 847,
            "building_type": "mosque",
            "building_name": "MS1609",
            "betweenness": 0.25,
            "degree_centrality": 0.7619047619047619,
            "eigenvector_centrality": 0.4960274928728744,
            "closeness_centrality": 0.7777777777777778,
            "degree": 16,
            "clustering_coef": 0.125,
            "id": "MS1609_002"
        },
        {
            "area": 60,
            "iso_area": 941,
            "building_type": "mosque",
            "building_name": "MS1609",
            "betweenness": 0.09523809523809525,
            "degree_centrality": 0.09523809523809523,
            "eigenvector_centrality": 0.09049400155502979,
            "closeness_centrality": 0.525,
            "degree": 2,
            "clustering_coef": 0,
            "id": "MS1609_003"
        },
        {
            "area": 24,
            "iso_area": 248,
            "building_type": "mosque",
            "building_name": "MS1609",
            "betweenness": 0.0,
            "degree_centrality": 0.047619047619047616,
            "eigenvector_centrality": 0.08813106793062826,
            "closeness_centrality": 0.5,
            "degree": 1,
            "clustering_coef": 0,
            "id": "MS1609_004"
        },
        {
            "area": 19,
            "iso_area": 102,
            "building_type": "mosque",
            "building_name": "MS1609",
            "betweenness": 0.0,
            "degree_centrality": 0.09523809523809523,
            "eigenvector_centrality": 0.16828458727476325,
            "closeness_centrality": 0.5121951219512195,
            "degree": 2,
            "clustering_coef": 1.0,
            "id": "MS1609_005"
        },
        {
            "area": 19,
            "iso_area": 77,
            "building_type": "mosque",
            "building_name": "MS1609",
            "betweenness": 0.0,
            "degree_centrality": 0.09523809523809523,
            "eigenvector_centrality": 0.16828458727476325,
            "closeness_centrality": 0.5121951219512195,
            "degree": 2,
            "clustering_coef": 1.0,
            "id": "MS1609_006"
        },
        {
            "area": 14,
            "iso_area": 634,
            "building_type": "mosque",
            "building_name": "MS1609",
            "betweenness": 0.0,
            "degree_centrality": 0.047619047619047616,
            "eigenvector_centrality": 0.08813106793062826,
            "closeness_centrality": 0.5,
            "degree": 1,
            "clustering_coef": 0,
            "id": "MS1609_007"
        },
        {
            "area": 13,
            "iso_area": 24,
            "building_type": "mosque",
            "building_name": "MS1609",
            "betweenness": 0.0,
            "degree_centrality": 0.09523809523809523,
            "eigenvector_centrality": 0.16828458727476325,
            "closeness_centrality": 0.5121951219512195,
            "degree": 2,
            "clustering_coef": 1.0,
            "id": "MS1609_008"
        },
        {
            "area": 13,
            "iso_area": 48,
            "building_type": "mosque",
            "building_name": "MS1609",
            "betweenness": 0.0,
            "degree_centrality": 0.09523809523809523,
            "eigenvector_centrality": 0.16828458727476325,
            "closeness_centrality": 0.5121951219512195,
            "degree": 2,
            "clustering_coef": 1.0,
            "id": "MS1609_009"
        },
        {
            "area": 12,
            "iso_area": 114,
            "building_type": "mosque",
            "building_name": "MS1609",
            "betweenness": 0.0,
            "degree_centrality": 0.09523809523809523,
            "eigenvector_centrality": 0.16828458727476325,
            "closeness_centrality": 0.5121951219512195,
            "degree": 2,
            "clustering_coef": 1.0,
            "id": "MS1609_010"
        },
        {
            "area": 12,
            "iso_area": 105,
            "building_type": "mosque",
            "building_name": "MS1609",
            "betweenness": 0.0,
            "degree_centrality": 0.09523809523809523,
            "eigenvector_centrality": 0.16828458727476325,
            "closeness_centrality": 0.5121951219512195,
            "degree": 2,
            "clustering_coef": 1.0,
            "id": "MS1609_011"
        },
        {
            "area": 12,
            "iso_area": 30,
            "building_type": "mosque",
            "building_name": "MS1609",
            "betweenness": 0.0,
            "degree_centrality": 0.09523809523809523,