{
    "directed": false,
    "multigraph": false,
    "graph": {
        "building_type": "mosque",
        "building_name": "MS1445",
        "num_nodes": 4,
        "num_edges": 4,
        "density": 0.6666666666666666,
        "ave_cluster_coef": 0.5833333333333333,
        "transistivity": 0.6,
        "cliques": [
            [
                "MS1445_001",
                "MS1445_002",
                "MS1445_003"
            ]
        ],
        "centroid": [
            0.007925271056592464,
            -0.12518176436424255,
            -0.02609965391457081,
            0.10040170699357986,
            -0.045749418437480927,
            0.0994061678647995,
            0.01302593108266592,
            -0.0010844848584383726,
            0.24598386883735657,
            -0.000746989855542779,
            -0.10018470138311386,
            -0.19362418353557587,
            0.02241436578333378,
            -0.10881821811199188,
            -0.1463421881198883,
            0.0745449811220169,
            0.17641332745552063,
            0.11459117382764816,
            0.08140172064304352,
            0.029275767505168915,
            -0.05313192307949066,
            0.06719202548265457,
            0.01138303428888321,
            0.10013619810342789,
            0.17119234800338745,
            -0.018693996593356133,
            -0.22597678005695343,
            -0.19942885637283325,
            0.08321011066436768,
            0.05126866325736046,
            0.15034103393554688,
            -0.14592766761779785,
            -0.09170636534690857,
            -0.17817272245883942,
            0.13756372034549713,
            0.1795387715101242,
            -0.05344817787408829,
            0.21186886727809906,
            -0.045428670942783356,
            -0.09213285148143768,
            0.014548245817422867,
            -0.03934912383556366,
            0.15737727284431458,
            0.12681761384010315,
            -0.12888240814208984,
            0.14148136973381042,
            0.1062602549791336,
            0.07784237712621689,
            0.10924700647592545,
            0.1417238414287567,
            -0.038241196423769,
            -0.14265011250972748,
            -0.026022939011454582,
            -0.030772369354963303,
            -0.24616065621376038,
            -0.2543954849243164,
            0.12103883922100067,
            -0.1379975974559784,
            0.018634386360645294,
            0.015809418633580208,
            0.048466671258211136,
            -0.17710132896900177,
            -0.1455763429403305,
            -0.012771567329764366
        ]
    },
    "nodes": [
        {
            "area": 2424,
            "iso_area": 76952,
            "building_type": "mosque",
            "building_name": "MS1445",
            "betweenness": 0.0,
            "degree_centrality": 0.3333333333333333,
            "eigenvector_centrality": 0.2818457979386572,
            "closeness_centrality": 0.6,
            "degree": 1,
            "clustering_coef": 0,
            "id": "MS1445_000",
            "vector": [
                0.1272713989019394,
                -0.17281019687652588,
                -0.03938404843211174,
                0.18851250410079956,
                0.04588352516293526,
                0.14371174573898315,
                0.12593720853328705,
                -0.022794226184487343,
                0.23823575675487518,
                -0.028879931196570396,
                -0.149476557970047,
                -0.34423747658729553,
                -0.04678265005350113,
                -0.14028042554855347,
                -0.09574564546346664,
                0.021756445989012718,
                0.328247994184494,
                0.03495088592171669,
                -0.0711817741394043,
                -0.1605149805545807,
                -0.16233918070793152,
                0.14190442860126495,
                -0.18310734629631042,
                0.17416982352733612,
                0.014917605556547642,
                0.009640892967581749,
                -0.17044049501419067,
                -0.24404147267341614,
                0.15302792191505432,
                0.04720006510615349,
                0.3456866145133972,
                -0.14908307790756226,
                -0.17802277207374573,
                -0.05778426304459572,
                0.3563675582408905,
                0.03845534101128578,
                0.07951036840677261,
                0.10340546071529388,
                0.03767026960849762,
                0.038602065294981,
                0.1582445502281189,
                -0.11507576704025269,
                0.0434909351170063,
                0.2670016288757324,
                0.06243186071515083,
                0.11410420387983322,
                0.09677854180335999,
                0.2530226707458496,
                0.15259870886802673,
                0.1327233463525772,
                -0.28722548484802246,
                -0.13657665252685547,
                0.09574245661497116,
                -0.017689280211925507,
                -0.2723475992679596,
                -0.2805936634540558,
                0.18649007380008698,
                -0.08444560319185257,
                -0.11105309426784515,
                0.058958206325769424,
                0.10341142863035202,
                -0.2637050449848175,
                -0.3593734800815582,
                0.10832002758979797
            ]
        },
        {
            "area": 563,
            "iso_area": 3737,
            "building_type": "mosque",
            "building_name": "MS1445",
            "betweenness": 0.6666666666666666,
            "degree_centrality": 1.0,
            "eigenvector_centrality": 0.6116286437343043,
            "closeness_centrality": 1.0,
            "degree": 3,
            "clustering_coef": 0.3333333333333333,
            "id": "MS1445_001",