{
    "directed": false,
    "multigraph": false,
    "graph": {
        "building_type": "mosque",
        "building_name": "MS1621",
        "num_nodes": 4,
        "num_edges": 3,
        "density": 0.5,
        "ave_cluster_coef": 0.0,
        "transistivity": 0,
        "cliques": [],
        "centroid": [
            0.21989494562149048,
            0.1129189133644104,
            0.22318096458911896,
            -0.16744166612625122,
            -0.1541166454553604,
            -0.24640007317066193,
            -0.07206961512565613,
            -0.11482478678226471,
            0.025189030915498734,
            0.2519853711128235,
            -0.0613393597304821,
            0.01191221084445715,
            0.19641566276550293,
            0.09399954229593277,
            -0.00388239324092865,
            -0.07081616669893265,
            0.12572899460792542,
            -0.13921795785427094,
            -0.08337236940860748,
            -0.03956758230924606,
            -0.09498660266399384,
            0.1244538277387619,
            -0.1776973009109497,
            0.212865948677063,
            0.21619221568107605,
            0.12613257765769958,
            -0.09253481775522232,
            -0.1551593542098999,
            0.17192280292510986,
            -0.043068744242191315,
            0.22483059763908386,
            0.0045976159162819386,
            -0.0348624512553215,
            -0.0027388096787035465,
            -0.060378171503543854,
            -0.05778186768293381,
            -0.01864098198711872,
            0.07521925121545792,
            0.020571580156683922,
            0.13045941293239594,
            -0.13734745979309082,
            -0.0003531072288751602,
            0.11968302726745605,
            0.08100563287734985,
            -0.2839246690273285,
            -0.0786689892411232,
            -0.08021330833435059,
            0.08601885288953781,
            -0.08107764273881912,
            0.025963829830288887,
            -0.03961087390780449,
            0.04636422172188759,
            -0.08850500732660294,
            0.010787111707031727,
            0.010899740271270275,
            0.05604938417673111,
            -0.20021146535873413,
            0.14492252469062805,
            0.1763632446527481,
            -0.04283249378204346,
            -0.02086949348449707,
            0.18188413977622986,
            0.03419119119644165,
            -0.10913939774036407
        ]
    },
    "nodes": [
        {
            "area": 2061,
            "iso_area": 67181,
            "building_type": "mosque",
            "building_name": "MS1621",
            "betweenness": 0.0,
            "degree_centrality": 0.3333333333333333,
            "eigenvector_centrality": 0.4082482345455792,
            "closeness_centrality": 0.6,
            "degree": 1,
            "clustering_coef": 0,
            "id": "MS1621_000",
            "vector": [
                0.21860134601593018,
                0.10212435573339462,
                0.2416561245918274,
                -0.16117404401302338,
                -0.14937198162078857,
                -0.24946649372577667,
                -0.09803882241249084,
                -0.12546010315418243,
                -0.010972757823765278,
                0.2482476681470871,
                -0.07171124219894409,
                -0.02434970624744892,
                0.17862406373023987,
                0.10702832788228989,
                0.010560142807662487,
                -0.07959093898534775,
                0.1420777589082718,
                -0.16198430955410004,
                -0.0755607932806015,
                -0.05184413865208626,
                -0.09073486179113388,
                0.11025771498680115,
                -0.16718865931034088,
                0.2210380733013153,
                0.2169169783592224,
                0.12124338001012802,
                -0.13060693442821503,
                -0.14487913250923157,
                0.1921200305223465,
                -0.05216798186302185,
                0.23706164956092834,
                -0.0017343086656183004,
                -0.05847800895571709,
                0.03351427987217903,
                -0.05515391379594803,
                -0.03880007565021515,
                -0.03319346904754639,
                0.06089770793914795,
                0.0035868233535438776,
                0.1156512200832367,
                -0.14066535234451294,
                -0.01480559166520834,
                0.1215795949101448,
                0.05670696869492531,
                -0.27672675251960754,
                -0.0918465331196785,
                -0.07944387197494507,
                0.09925699234008789,
                -0.056725215166807175,
                0.027700813487172127,
                -0.006451152730733156,
                0.05932030826807022,
                -0.12372457981109619,
                0.023266548290848732,
                -0.030269278213381767,
                0.06650006026029587,
                -0.21150237321853638,
                0.15525546669960022,
                0.2057802677154541,
                -0.04051836580038071,
                -0.029081303626298904,
                0.2065398246049881,
                0.027947884052991867,
                -0.11846973747015
            ]
        },
        {
            "area": 1207,
            "iso_area": 850,
            "building_type": "mosque",
            "building_name": "MS1621",
            "betweenness": 1.0,
            "degree_centrality": 1.0,
            "eigenvector_centrality": 0.7071068780398428,
            "closeness_centrality": 1.0,
            "degree": 3,
            "clustering_coef": 0,
            "id": "MS1621_001",